{
  "shape": "\u041f\u0438\u0440\u0430\u043c\u0438\u0434\u0430",
  "params": {
    "size": 1.0
  },
  "angles": {
    "x": 95.17241379310346,
    "y": 60.0,
    "z": 72.41379310344827
  }
}